id,company,sector,size_band,signal,date,evidence_url,why_listbuilding,economic_buyer,reachable_route,contact_confidence,current_spend_evidence,angle
1,Serene (Serene Intelligence),health AI,early,Founding SDR asks to research accounts and build targeted lead lists,,https://wellfound.com/jobs/4493249-founding-sdr,Scaling pipeline $4M->$10M in 3 mo with no list infra,Founder (named: Devan Flores),LinkedIn company/sereneintelligence + Wellfound msg,HIGH,Clay/Apollo + VA (inference),You're scaling outbound with no list infra - I build verified ICP-scoped healthcare lists
2,Comp AI,AI compliance,mid,$34M Series A; Founding SDR Outbound spec says enrich lead lists,2026-09-17,https://bebee.com/us/jobs/founding-sales-development-representative-outbound-sdr-comp-ai-new-york--fj-2308632108,First SDR post-Series A explicitly wants AI list enrichment,Head of Sales / Founder,LinkedIn trycomp.ai + press@trycomp.ai,HIGH,AI-first enrichment workflow named in job (Clay/Apollo >=$150-800/mo),Hand them meetings-ready compliance-buyer lists instead of paying the SDR to source
3,Peec AI,AI-search analytics,Series A,Founding SDR to build outbound engine from ground up,,https://startup.jobs/sales-development-representative-peec-ai-8146743,Series A with no outbound engine; list sourcing is bottleneck,Head of Sales / Growth lead,hello@peec.ai + careers@peec.ai (published),HIGH,Clay/Apollo stack (inference),Pre-built DACH+US ICP list so first SDR skips sourcing
4,Reflow,enterprise ops intelligence,>$15M seed,Founding SDR = first dedicated outbound hire; named account list 500-5000 employees,,https://wellfound.com/jobs/4634519-sales-development-representative,Needs named-account list built to feed founding AEs,Head of Sales / founding AE,LinkedIn company/reflowai + reflow.ai/contact-us,MEDIUM,Paid data tools likely (inference),Deliver 500-5000 employee named-account list enriched by COO/CFO/Head of Ops
5,Windmill,OSS dev platform,YC S22 / $3M ARR,Founding SDR - account lists do not exist yet; zero outbound,,https://www.ycombinator.com/companies/windmill/jobs/4swi05r-founding-sdr,$3M ARR zero outbound; first sales hire builds lists from scratch,Founder (Ruben Fiszel),YC Work-at-a-Startup / LinkedIn company/windmill-dev,MEDIUM,No existing prospecting spend (inference),Platform-team/DevOps list so first 500 dials are real targets
6,Zero,AI-native CRM,$10.3M seed,GTM Operator = first dedicated pipeline generation role,,https://zero.inc/open-positions/gtm-helsinki,First outbound hire must build target list itself,Founder/CEO,zero.inc careers + LinkedIn company/zero-gtm,MEDIUM,Sells a lead DB/enrichment tool (evidence),Offload list-building so week 1 is dials not data wrangling
7,Dealops,agentic CPQ,$7M,Founding SDR = first GTM hires building pipeline engine,,https://jobs.ashbyhq.com/dealops/34ce3d2a-6a46-4061-9940-1d9cb64af515,First GTM hire to identify/research/engage accounts; no list,CEO / founding AE,LinkedIn company/trydealops + Ashby,MEDIUM,Clay/Apollo likely (inference),Qualified AI/SaaS pricing-decision-maker list for day-one pipeline
8,FlowFuse,industrial dev platform,early,First SDR - no established SDR process or playbook,,https://job-boards.greenhouse.io/flowfuse/jobs/6013937004,First SDR must work inbound and test outbound,Founder/CEO,contact@flowfuse.com (published) + LinkedIn,HIGH,No paid data tool yet (inference),Build first outbound industrial/OT buyer list to A/B the motion
9,Basis AI,AI agents for accounting,early,Founding BDR - grown entirely through inbound; first outbound motion,,https://jobs.ashbyhq.com/basis-ai/9dd7f8b0-69f2-44ed-9724-5af1d97a5c5d,100% inbound history = zero outbound list,Head of Sales / Founder,Ashby application + LinkedIn,MEDIUM,Apollo/Outreach/Salesloft named in spec,Finance/accounting ICP list so first outbound experiments start filtered
10,LightSource,procurement SaaS,well-funded,Founding BDR = first BDR building outbound+inbound machine; 150+ dials/wk,,https://jobs.ashbyhq.com/lightsource/ae8609a0-d30d-49f8-9b06-4a4a240f2482,Needs list engine for first BDR; already winning enterprise logos,Head of Sales / Founder,Ashby application + LinkedIn company/lightsource-ai,MEDIUM,Tool budget exists (well-funded),Procurement-leader list matched to enterprise logos
11,Workhelix,enterprise AI ROI,Accenture-backed,BDR hire SF remote-eligible,,https://job-boards.greenhouse.io/workhelix/jobs/5428837008,Enterprise/ABM motion needs curated C-suite list,Head of Sales / GTM lead,Greenhouse + LinkedIn company/workhelix,MEDIUM,Data-tool budget (enterprise+Accenture),ABM list so BDR stops guessing which Fortune-1000 accounts to hit
12,Cargo,GTM workforce infra,YC S23,Founding SDR - first SDR to build top of funnel,,https://www.ycombinator.com/companies/cargo/jobs/dIqe5jd-founding-sdr,Automates T2/T3 but needs T1 quality list + ICP selection,Founder (Maxence De Villepion),YC Work-at-a-Startup + LinkedIn,HIGH,Sells GTM automation; will pair list services (evidence),Hand-curate T1 accounts automation shouldn't touch
13,Neuroscale,AI hiring infra,early,Founding SDR top-of-funnel only; reposted 26 days ago,2026-09-06,https://www.builtinseattle.com/job/founding-sdr/10389358,Pure top-of-funnel role with no list,Head of Sales / Founder,LinkedIn company/neuroscale + Built In,MEDIUM,Clay/Apollo likely (inference),ICP list so entire calendar is demos not sourcing
14,Hirepluto / talentpluto,AI-conversational infra,early,Founding SDR posted 10 Sep 2026 (active),2026-09-10,https://jobs.lightbank.com/companies/hirepluto-2-78761f2a-8da4-4061-b3de-1a4c71fb769d/jobs/92696919-founding-sdr,Fresh first-SDR role with no list,Founder,Workable (apply.workable.com/talentpluto) + LinkedIn,MEDIUM,AI-native tools named (evidence),Deliver first qualified-account list so experiments start same week
15,Campfire,AI-native ERP,>$100m raised,SDR Manager - build and lead pipeline team,,https://startup.jobs/sdr-manager-campfire-8975083,Standing up an SDR team = highest list-volume demand,SDR Manager / Head of Sales,LinkedIn company/meetcampfire + careers,MEDIUM,Real data-tool budget (inference),Running enriched CFO/finance-leader lists so reps ramp without sourcing
16,Huzzle,AI-native GTM hiring platform,mid,Hiring GTM Engineer (Clay Specialist) - Clay mandatory,2026-04-17,https://applyall.com/jobs/us/gtm-engineer-clay-specialist-at-huzzle-jc_652def3448584988b241b2b7,Clay-centric GTM build = already pay for list/enrichment tooling,Agency/Platform Founder,huzzle.com + LinkedIn,MEDIUM,Clay mandatory + Apollo/HubSpot/Zapier (evidence),Deliver enriched segmented lists now while the Clay hire ramps
17,Lavendo's client,AI packaging SaaS (CPG),pre-funding,Founding BDR - first dedicated outbound seller,2026-08-10,https://jobs.ashbyhq.com/lavendo/50bf54fa-54d7-4f22-9fbf-e74b67510576,First outbound seller must build curated CPG/packaging list,Founder,Via Lavendo (recruiter) - no direct route,LOW,Lean DIY/freelance list build (inference),Curated brand/packaging decision-maker list to fill top of funnel fast
18,OPTYO,performance marketing agency,small,Hiring Business Development Rep; posted ~28 Sep 2026 open until 10/19/2026,2026-09-28,https://bebee.com/us/jobs/business-development-representative-optyo-san-diego-ca--t7xk-810669628,Agency building BD function needs prospect lists,Agency Founder / Growth Lead,LinkedIn agency page + site contact form,MEDIUM,Small agency likely no paid list tool; retainer economics,Brand/marketer prospect list matched to best case studies
19,Landis Communications Inc.,PR/digital agency,small,Added 3 new clients; 22 Sep 2026 press release,2026-09-22,https://www.globenewswire.com/news-release/2026/09/22/3366712/0/en/landis-communications-inc-named-to-prnews-2027-agency-elite-top-120-adds-out-adventures-dcbel-and-trust-onion-to-growing-client-roster.html,Client-roster growth = in new-business mode,Agency Founder / Managing Director,LinkedIn + site contact form,MEDIUM,Referrals-led; BD/outreach spend (inference),Targeted outbound list of brands/buyers in your sectors
20,Orange (Orangepr),PR agency,small,Appointed PR agency for Denhay Farms; 22 Sep 2026,2026-09-22,https://www.orangepr.co.uk/my-post060178e5,Won new account = agency in growth mode,Agency Founder / MD,LinkedIn + site contact form,MEDIUM,Referrals-led boutique (inference),Prospect list of adjacent food/consumer brands so next win isn't a wait
