asset,path,source,owner,licence_or_permission,attribution_required,public_use_status,temporary_or_permanent,replacement_required
"Open Graph image","/og.png","Generated by this project with Pillow","This project","Original work — created by us, no third-party elements","No","CLEARED — safe to publish","Permanent","No — regenerate if brand or phone changes"
"Favicon","/favicon.svg","Hand-authored SVG","This project","Original work","No","CLEARED — safe to publish","Permanent","No"
"Brand mark (logo tile)","inline CSS + SVG","Hand-authored","This project","Original work","No","CLEARED — safe to publish","Permanent","No — replace if a real logo is designed"
"Vehicle layout diagram","inline SVG in page markup","Hand-authored schematic","This project","Original work — a diagram, NOT a photograph of the vehicle","No","CLEARED — safe to publish as a labelled diagram","TEMPORARY","YES — replace with real owner photographs (see PHOTO_SHOT_LIST.md)"
"Force Urbania product page","https://www.forcemotors.com/vehicles/urbania/","Reference only — inspected for research","Force Motors Ltd","ALL RIGHTS RESERVED — no licence granted to us","n/a","NOT PUBLISHED — research reference only","n/a","n/a — never publish without written permission"
"Force Motors price list","https://www.forcemotors.com/prices/","Reference only — inspected for research","Force Motors Ltd","ALL RIGHTS RESERVED — no licence granted","n/a","NOT PUBLISHED — research reference only","n/a","n/a — never publish without written permission"
"Competitor site imagery","various","NOT fetched, NOT copied","Third parties","No permission sought or granted","n/a","NOT PUBLISHED","n/a","n/a"
"Vehicle photographs","(none yet)","To be shot by the owner","Owner","Owner-owned original photography","No","NOT YET AVAILABLE","Permanent once supplied","n/a — this is the replacement asset"
"UrbanLoop hero concept (master v2)","/Users/abhisheksingh/revenue-lab/brand/source/urbanloop-master-v2.png","AI IMAGE GENERATION — supplied by the owner 2026-10-03 (second version, play button removed)","Owner","AI-generated output. No third-party photographic rights involved, and no real person or location is depicted. NOTE: the vehicle shown carries FORCE / URBANIA OEM badges, which are Force Motors Ltd trademarks — this is an unauthorised concept depiction, not an official render","No","SOURCE OF ALL SHIPPED MEDIA — retained for re-cropping","Source file","No"
"UrbanLoop hero concept (master v1)","/Users/abhisheksingh/revenue-lab/brand/source/urbanloop-hero-original.png","AI IMAGE GENERATION — supplied by the owner 2026-10-03 (first version)","Owner","AI-generated output, same terms as v2","No","SUPERSEDED by v2 — retained for provenance only, nothing is cropped from it","Source file","No"
"Hero background","/media/hero/hero-split.jpg","Crop 1672x812 of the v2 master","Owner","Derived from AI generation — same terms as the master","No","CLEARED to publish ONLY as a labelled representative image, never captioned as a photograph of our vehicle","TEMPORARY","YES — replace with a real photograph of the actual vehicle"
"Hero still (fallback)","/media/hero/hero-poster.jpg","Crop 672x941 of the v2 master","Owner","Derived from AI generation","No","CLEARED as a labelled representative image only","TEMPORARY","YES — replace with real photography"
"Gallery — front three-quarter","/media/gallery/exterior-front.jpg","Crop 1000x750 of the v2 master","Owner","Derived from AI generation","No","CLEARED as a labelled representative image only","TEMPORARY","YES — replace with real photography"
"Gallery — side profile","/media/gallery/exterior-side.jpg","Crop 1000x750 of the v2 master","Owner","Derived from AI generation","No","CLEARED as a labelled representative image only","TEMPORARY","YES — replace with real photography"
"UrbanLoop wordmark and monogram","/brand/logo/*.svg","Composed from Inter's glyph outlines with fontTools, then optically spaced by measurement","This project","Inter is licensed under the SIL Open Font License 1.1 (see brand/fonts/INTER-LICENSE.txt). OFL permits derivative outlines. The resulting artwork is original","OFL notice retained for the font; no attribution required in use","CLEARED — safe to publish","Permanent","No"
"Play-button overlay region (v1 master only)","x 744-912, y 409-577 of the v1 master","Burned into the v1 master by the generating tool","Owner","n/a","No","MOOT — v2 is clean and is what ships. Applies to master v1 only","n/a","No action: no shipped crop comes from v1"
