query,primary_page,intent_class,status
"force urbania hire hyderabad","/force-urbania-hire-hyderabad/","HIGH COMMERCIAL","Built"
"17 seater urbania hyderabad","/force-urbania-hire-hyderabad/","HIGH COMMERCIAL","Built"
"force urbania rental price hyderabad","/force-urbania-hire-hyderabad/","HIGH COMMERCIAL","Built"
"group vehicle hire hyderabad","/find-a-vehicle/","HIGH COMMERCIAL","Built"
"vehicle for 15 people hyderabad","/find-a-vehicle/","HIGH COMMERCIAL","Built"
"vehicle for 10 people hyderabad","/find-a-vehicle/","HIGH COMMERCIAL","Built"
"17 seater with luggage hyderabad","/guides/group-vehicle-fit-guide/","INFORMATIONAL","Built"
"group airport transfer hyderabad","/airport-group-transfer-hyderabad/","HIGH COMMERCIAL","Built"
"airport transfer for 14 people hyderabad","/airport-group-transfer-hyderabad/","HIGH COMMERCIAL","Built"
"outstation group travel hyderabad","/outstation-group-travel-hyderabad/","HIGH COMMERCIAL","Built"
"hyderabad to chennai group travel vehicle","/outstation-group-travel-hyderabad/","HIGH COMMERCIAL","Built"
"wedding guest transport hyderabad","/wedding-transport-hyderabad/","HIGH COMMERCIAL","Built"
"wedding bus rental hyderabad","/wedding-transport-hyderabad/","HIGH COMMERCIAL","Built"
"corporate group transport hyderabad","/corporate-group-transport-hyderabad/","HIGH COMMERCIAL","Built"
"sightseeing vehicle hyderabad","/hyderabad-sightseeing-group-travel/","HIGH COMMERCIAL","Built"
"hyderabad day hire with driver","/hyderabad-sightseeing-group-travel/","HIGH COMMERCIAL","Built"
"family group travel hyderabad","/family-group-travel-hyderabad/","LOCAL","Built"
"force urbania vs tempo traveller","/guides/force-urbania-vs-tempo-traveller/","INFORMATIONAL","Built"
"one vehicle or multiple cabs group","/guides/group-vehicle-fit-guide/","INFORMATIONAL","Built"
"how to plan wedding guest transport","/guides/wedding-guest-transport-planning/","INFORMATIONAL","Built"
"group travel hyderabad","/","MEDIUM COMMERCIAL","Built"
"group vehicle quotation hyderabad","/request-quote/","HIGH COMMERCIAL (transactional)","Built"
"how does group vehicle pricing work","/what-to-expect/","INFORMATIONAL","Built"
"tempo traveller on rent hyderabad","(none — competitor category we do not operate)","HIGH COMMERCIAL","Not built"
"minibus hire hyderabad","(none — no verified supply)","HIGH COMMERCIAL","Not built"
"urbania rental madhapur / gachibowli / banjara hills","(deliberately none)","LOCAL","Rejected"
