vendor_name,domain,categories_offered,geography,source_of_prospect,status,identity_verified,vehicle_docs_verified,permit_verified,insurance_verified,fitness_verified,driver_verified,docs_expiry,contact_attempted,notes
"gozocabs","gozocabs.com","UNKNOWN — to be confirmed","Hyderabad (apparent)","Public competitor research","PROSPECT — NOT CONTACTED","No","No","No","No","No","No","","No","Identified during market research as an operator in this space. NOT a partner. NOT verified. Nothing may be shown as available on this basis."
"chikucab","chikucab.com","UNKNOWN — to be confirmed","Hyderabad (apparent)","Public competitor research","PROSPECT — NOT CONTACTED","No","No","No","No","No","No","","No","Identified during market research as an operator in this space. NOT a partner. NOT verified. Nothing may be shown as available on this basis."
"hyderabaddeccantourism","hyderabaddeccantourism.com","UNKNOWN — to be confirmed","Hyderabad (apparent)","Public competitor research","PROSPECT — NOT CONTACTED","No","No","No","No","No","No","","No","Identified during market research as an operator in this space. NOT a partner. NOT verified. Nothing may be shown as available on this basis."
"srilaxmitravels","srilaxmitravels.com","UNKNOWN — to be confirmed","Hyderabad (apparent)","Public competitor research","PROSPECT — NOT CONTACTED","No","No","No","No","No","No","","No","Identified during market research as an operator in this space. NOT a partner. NOT verified. Nothing may be shown as available on this basis."
"cabzii","cabzii.in","UNKNOWN — to be confirmed","Hyderabad (apparent)","Public competitor research","PROSPECT — NOT CONTACTED","No","No","No","No","No","No","","No","Identified during market research as an operator in this space. NOT a partner. NOT verified. Nothing may be shown as available on this basis."
"indiancarrental","indiancarrental.com","UNKNOWN — to be confirmed","Hyderabad (apparent)","Public competitor research","PROSPECT — NOT CONTACTED","No","No","No","No","No","No","","No","Identified during market research as an operator in this space. NOT a partner. NOT verified. Nothing may be shown as available on this basis."
"taxiyatri","taxiyatri.com","UNKNOWN — to be confirmed","Hyderabad (apparent)","Public competitor research","PROSPECT — NOT CONTACTED","No","No","No","No","No","No","","No","Identified during market research as an operator in this space. NOT a partner. NOT verified. Nothing may be shown as available on this basis."
"simplytrip","simplytrip.in","UNKNOWN — to be confirmed","Hyderabad (apparent)","Public competitor research","PROSPECT — NOT CONTACTED","No","No","No","No","No","No","","No","Identified during market research as an operator in this space. NOT a partner. NOT verified. Nothing may be shown as available on this basis."
"ecosmobility","ecosmobility.com","UNKNOWN — to be confirmed","Hyderabad (apparent)","Public competitor research","PROSPECT — NOT CONTACTED","No","No","No","No","No","No","","No","Identified during market research as an operator in this space. NOT a partner. NOT verified. Nothing may be shown as available on this basis."
"bookmytempotraveller","bookmytempotraveller.com","UNKNOWN — to be confirmed","Hyderabad (apparent)","Public competitor research","PROSPECT — NOT CONTACTED","No","No","No","No","No","No","","No","Identified during market research as an operator in this space. NOT a partner. NOT verified. Nothing may be shown as available on this basis."
"urbania","urbania.rentals","UNKNOWN — to be confirmed","Hyderabad (apparent)","Public competitor research","PROSPECT — NOT CONTACTED","No","No","No","No","No","No","","No","Identified during market research as an operator in this space. NOT a partner. NOT verified. Nothing may be shown as available on this basis."
"rajputanacabs","rajputanacabs.in","UNKNOWN — to be confirmed","Hyderabad (apparent)","Public competitor research","PROSPECT — NOT CONTACTED","No","No","No","No","No","No","","No","Identified during market research as an operator in this space. NOT a partner. NOT verified. Nothing may be shown as available on this basis."
"sara","sara.cab","UNKNOWN — to be confirmed","Hyderabad (apparent)","Public competitor research","PROSPECT — NOT CONTACTED","No","No","No","No","No","No","","No","Identified during market research as an operator in this space. NOT a partner. NOT verified. Nothing may be shown as available on this basis."
"sttforceurbaniarentalhyderabad","sttforceurbaniarentalhyderabad.com","UNKNOWN — to be confirmed","Hyderabad (apparent)","Public competitor research","PROSPECT — NOT CONTACTED","No","No","No","No","No","No","","No","Identified during market research as an operator in this space. NOT a partner. NOT verified. Nothing may be shown as available on this basis."
"mebus","mebus.in","UNKNOWN — to be confirmed","Hyderabad (apparent)","Public competitor research","PROSPECT — NOT CONTACTED","No","No","No","No","No","No","","No","Identified during market research as an operator in this space. NOT a partner. NOT verified. Nothing may be shown as available on this basis."
"transrentals","transrentals.in","UNKNOWN — to be confirmed","Hyderabad (apparent)","Public competitor research","PROSPECT — NOT CONTACTED","No","No","No","No","No","No","","No","Identified during market research as an operator in this space. NOT a partner. NOT verified. Nothing may be shown as available on this basis."
"trivenicabs","trivenicabs.in","UNKNOWN — to be confirmed","Hyderabad (apparent)","Public competitor research","PROSPECT — NOT CONTACTED","No","No","No","No","No","No","","No","Identified during market research as an operator in this space. NOT a partner. NOT verified. Nothing may be shown as available on this basis."
"urbancruise","urbancruise.in","UNKNOWN — to be confirmed","Hyderabad (apparent)","Public competitor research","PROSPECT — NOT CONTACTED","No","No","No","No","No","No","","No","Identified during market research as an operator in this space. NOT a partner. NOT verified. Nothing may be shown as available on this basis."
